,Unnamed: 0,activity,activity_vocab,caseid,amount,resource,resource_vocab,predicted_vocab,predicted_value,lengths,activity_sparcity,resource_sparcity,sparcity,activity_proximity,resource_proximity,proximity
0,4765,"[2, 12, 9, 10, 20]","['<SOS>', 'A_SUBMITTED_COMPLETE', 'A_PARTLYSUBMITTED_COMPLETE', 'A_PREACCEPTED_COMPLETE', 'W_Afhandelen leads_COMPLETE']",188515,25000.0,"[70, 53, 53, 7, 7]","['<SOS>', '112', '112', '10629', '10629']",A_ACCEPTED_COMPLETE,0.439408928155899,5,2,3,5,1.4142135623730951,1.7320508075688772,2.23606797749979
1,287,"[2, 12, 9, 10, 20]","['<SOS>', 'A_SUBMITTED_COMPLETE', 'A_PARTLYSUBMITTED_COMPLETE', 'A_PREACCEPTED_COMPLETE', 'W_Afhandelen leads_COMPLETE']",174602,6000.0,"[70, 53, 53, 6, 6]","['<SOS>', '112', '112', '10609', '10609']",A_ACCEPTED_COMPLETE,0.514040470123291,5,2,3,5,1.4142135623730951,1.7320508075688772,2.23606797749979
2,495,"[2, 12, 9, 10, 20]","['<SOS>', 'A_SUBMITTED_COMPLETE', 'A_PARTLYSUBMITTED_COMPLETE', 'A_PREACCEPTED_COMPLETE', 'W_Afhandelen leads_COMPLETE']",175248,14000.0,"[70, 53, 53, 7, 7]","['<SOS>', '112', '112', '10629', '10629']",A_ACCEPTED_COMPLETE,0.434290200471878,5,2,3,5,1.4142135623730951,1.7320508075688772,2.23606797749979
3,4285,"[2, 12, 9, 10, 20]","['<SOS>', 'A_SUBMITTED_COMPLETE', 'A_PARTLYSUBMITTED_COMPLETE', 'A_PREACCEPTED_COMPLETE', 'W_Afhandelen leads_COMPLETE']",187034,25000.0,"[70, 53, 53, 7, 7]","['<SOS>', '112', '112', '10629', '10629']",A_ACCEPTED_COMPLETE,0.439408928155899,5,2,3,5,1.4142135623730951,1.7320508075688772,2.23606797749979
4,4231,"[2, 12, 9, 10, 20]","['<SOS>', 'A_SUBMITTED_COMPLETE', 'A_PARTLYSUBMITTED_COMPLETE', 'A_PREACCEPTED_COMPLETE', 'W_Afhandelen leads_COMPLETE']",186872,10500.0,"[70, 53, 53, 7, 7]","['<SOS>', '112', '112', '10629', '10629']",A_ACCEPTED_COMPLETE,0.4282398819923401,5,2,3,5,1.4142135623730951,1.7320508075688772,2.23606797749979
5,10150,"[2, 12, 9, 10, 20]","['<SOS>', 'A_SUBMITTED_COMPLETE', 'A_PARTLYSUBMITTED_COMPLETE', 'A_PREACCEPTED_COMPLETE', 'W_Afhandelen leads_COMPLETE']",205316,25000.0,"[70, 53, 53, 7, 7]","['<SOS>', '112', '112', '10629', '10629']",A_ACCEPTED_COMPLETE,0.439408928155899,5,2,3,5,1.4142135623730951,1.7320508075688772,2.23606797749979
6,12976,"[2, 12, 9, 10, 20]","['<SOS>', 'A_SUBMITTED_COMPLETE', 'A_PARTLYSUBMITTED_COMPLETE', 'A_PREACCEPTED_COMPLETE', 'W_Afhandelen leads_COMPLETE']",214046,10000.0,"[70, 53, 53, 6, 6]","['<SOS>', '112', '112', '10609', '10609']",A_ACCEPTED_COMPLETE,0.5382746458053589,5,2,3,5,1.4142135623730951,1.7320508075688772,2.23606797749979
7,12490,"[2, 12, 9, 10, 22]","['<SOS>', 'A_SUBMITTED_COMPLETE', 'A_PARTLYSUBMITTED_COMPLETE', 'A_PREACCEPTED_COMPLETE', 'W_Completeren aanvraag_COMPLETE']",212548,10000.0,"[70, 53, 53, 53, 64]","['<SOS>', '112', '112', '112', '11302']",A_ACCEPTED_COMPLETE,0.4680657684803009,5,1,2,3,1.0,1.4142135623730951,1.7320508075688774
8,8190,"[2, 12, 9, 10, 20]","['<SOS>', 'A_SUBMITTED_COMPLETE', 'A_PARTLYSUBMITTED_COMPLETE', 'A_PREACCEPTED_COMPLETE', 'W_Afhandelen leads_COMPLETE']",199183,20000.0,"[70, 53, 53, 7, 7]","['<SOS>', '112', '112', '10629', '10629']",A_ACCEPTED_COMPLETE,0.4379449486732483,5,2,3,5,1.4142135623730951,1.7320508075688772,2.23606797749979
9,2175,"[2, 12, 9, 10, 20]","['<SOS>', 'A_SUBMITTED_COMPLETE', 'A_PARTLYSUBMITTED_COMPLETE', 'A_PREACCEPTED_COMPLETE', 'W_Afhandelen leads_COMPLETE']",180547,15000.0,"[70, 53, 53, 3, 3]","['<SOS>', '112', '112', '10138', '10138']",A_ACCEPTED_COMPLETE,0.5584048628807068,5,2,3,5,1.4142135623730951,1.7320508075688772,2.23606797749979
10,5358,"[2, 12, 9, 10, 20]","['<SOS>', 'A_SUBMITTED_COMPLETE', 'A_PARTLYSUBMITTED_COMPLETE', 'A_PREACCEPTED_COMPLETE', 'W_Afhandelen leads_COMPLETE']",190402,27700.0,"[70, 53, 53, 3, 3]","['<SOS>', '112', '112', '10138', '10138']",A_ACCEPTED_COMPLETE,0.5374538898468018,5,2,3,5,1.4142135623730951,1.7320508075688772,2.23606797749979
11,3770,"[2, 12, 9, 10, 20]","['<SOS>', 'A_SUBMITTED_COMPLETE', 'A_PARTLYSUBMITTED_COMPLETE', 'A_PREACCEPTED_COMPLETE', 'W_Afhandelen leads_COMPLETE']",185449,15000.0,"[70, 53, 53, 3, 3]","['<SOS>', '112', '112', '10138', '10138']",A_ACCEPTED_COMPLETE,0.5584048628807068,5,2,3,5,1.4142135623730951,1.7320508075688772,2.23606797749979
12,1225,"[2, 12, 9, 10, 20]","['<SOS>', 'A_SUBMITTED_COMPLETE', 'A_PARTLYSUBMITTED_COMPLETE', 'A_PREACCEPTED_COMPLETE', 'W_Afhandelen leads_COMPLETE']",177543,10000.0,"[70, 53, 53, 7, 7]","['<SOS>', '112', '112', '10629', '10629']",A_ACCEPTED_COMPLETE,0.425898790359497,5,2,3,5,1.4142135623730951,1.7320508075688772,2.23606797749979
13,12494,"[2, 12, 9, 10, 22]","['<SOS>', 'A_SUBMITTED_COMPLETE', 'A_PARTLYSUBMITTED_COMPLETE', 'A_PREACCEPTED_COMPLETE', 'W_Completeren aanvraag_COMPLETE']",212560,8750.0,"[70, 53, 53, 53, 64]","['<SOS>', '112', '112', '112', '11302']",A_ACCEPTED_COMPLETE,0.4643102586269378,5,1,2,3,1.0,1.4142135623730951,1.7320508075688774
14,5462,"[2, 12, 9, 10, 20]","['<SOS>', 'A_SUBMITTED_COMPLETE', 'A_PARTLYSUBMITTED_COMPLETE', 'A_PREACCEPTED_COMPLETE', 'W_Afhandelen leads_COMPLETE']",190722,7000.0,"[70, 53, 53, 6, 6]","['<SOS>', '112', '112', '10609', '10609']",A_ACCEPTED_COMPLETE,0.5219965577125549,5,2,3,5,1.4142135623730951,1.7320508075688772,2.23606797749979
15,11061,"[2, 12, 9, 10, 20]","['<SOS>', 'A_SUBMITTED_COMPLETE', 'A_PARTLYSUBMITTED_COMPLETE', 'A_PREACCEPTED_COMPLETE', 'W_Afhandelen leads_COMPLETE']",208172,15000.0,"[70, 53, 53, 7, 7]","['<SOS>', '112', '112', '10629', '10629']",A_ACCEPTED_COMPLETE,0.4354551434516907,5,2,3,5,1.4142135623730951,1.7320508075688772,2.23606797749979
16,11861,"[2, 12, 9, 10, 22]","['<SOS>', 'A_SUBMITTED_COMPLETE', 'A_PARTLYSUBMITTED_COMPLETE', 'A_PREACCEPTED_COMPLETE', 'W_Completeren aanvraag_COMPLETE']",210632,10000.0,"[70, 53, 53, 53, 64]","['<SOS>', '112', '112', '112', '11302']",A_ACCEPTED_COMPLETE,0.4680657684803009,5,1,2,3,1.0,1.4142135623730951,1.7320508075688774
17,11985,"[2, 12, 9, 10, 20]","['<SOS>', 'A_SUBMITTED_COMPLETE', 'A_PARTLYSUBMITTED_COMPLETE', 'A_PREACCEPTED_COMPLETE', 'W_Afhandelen leads_COMPLETE']",211008,20000.0,"[70, 53, 53, 7, 7]","['<SOS>', '112', '112', '10629', '10629']",A_ACCEPTED_COMPLETE,0.4379449486732483,5,2,3,5,1.4142135623730951,1.7320508075688772,2.23606797749979
18,842,"[2, 12, 9, 21, 21, 20, 21, 10, 20]","['<SOS>', 'A_SUBMITTED_COMPLETE', 'A_PARTLYSUBMITTED_COMPLETE', 'W_Beoordelen fraude_COMPLETE', 'W_Beoordelen fraude_COMPLETE', 'W_Afhandelen leads_COMPLETE', 'W_Beoordelen fraude_COMPLETE', 'A_PREACCEPTED_COMPLETE', 'W_Afhandelen leads_COMPLETE']",176326,10000.0,"[70, 53, 53, 4, 4, 71, 4, 45, 71]","['<SOS>', '112', '112', '10188', '10188', 'UNKNOWN', '10188', '11120', 'UNKNOWN']",A_ACCEPTED_COMPLETE,0.4957612156867981,9,6,6,12,2.449489742783178,2.449489742783178,3.4641016151377544
19,9279,"[2, 12, 9, 20, 20, 20, 20, 20, 10, 20]","['<SOS>', 'A_SUBMITTED_COMPLETE', 'A_PARTLYSUBMITTED_COMPLETE', 'W_Afhandelen leads_COMPLETE', 'W_Afhandelen leads_COMPLETE', 'W_Afhandelen leads_COMPLETE', 'W_Afhandelen leads_COMPLETE', 'W_Afhandelen leads_COMPLETE', 'A_PREACCEPTED_COMPLETE', 'W_Afhandelen leads_COMPLETE']",202617,25000.0,"[70, 53, 53, 34, 22, 22, 22, 22, 22, 22]","['<SOS>', '112', '112', '11000', '10912', '10912', '10912', '10912', '10912', '10912']",A_ACCEPTED_COMPLETE,0.3644717335700989,10,7,7,14,2.6457513110645907,2.6457513110645907,3.7416573867739418
20,11999,"[2, 12, 9, 21, 21, 21, 20, 21, 21, 21, 10, 20]","['<SOS>', 'A_SUBMITTED_COMPLETE', 'A_PARTLYSUBMITTED_COMPLETE', 'W_Beoordelen fraude_COMPLETE', 'W_Beoordelen fraude_COMPLETE', 'W_Beoordelen fraude_COMPLETE', 'W_Afhandelen leads_COMPLETE', 'W_Beoordelen fraude_COMPLETE', 'W_Beoordelen fraude_COMPLETE', 'W_Beoordelen fraude_COMPLETE', 'A_PREACCEPTED_COMPLETE', 'W_Afhandelen leads_COMPLETE']",211050,30000.0,"[70, 53, 53, 4, 4, 4, 20, 65, 65, 65, 22, 22]","['<SOS>', '112', '112', '10188', '10188', '10188', '10909', '11304', '11304', '11304', '10912', '10912']",A_ACCEPTED_COMPLETE,0.4570205211639404,12,9,9,18,3.0,3.0,4.242640687119285
21,4648,"[2, 12, 9, 20, 20, 20, 20, 20, 20, 20, 20, 10, 20]","['<SOS>', 'A_SUBMITTED_COMPLETE', 'A_PARTLYSUBMITTED_COMPLETE', 'W_Afhandelen leads_COMPLETE', 'W_Afhandelen leads_COMPLETE', 'W_Afhandelen leads_COMPLETE', 'W_Afhandelen leads_COMPLETE', 'W_Afhandelen leads_COMPLETE', 'W_Afhandelen leads_COMPLETE', 'W_Afhandelen leads_COMPLETE', 'W_Afhandelen leads_COMPLETE', 'A_PREACCEPTED_COMPLETE', 'W_Afhandelen leads_COMPLETE']",188146,15600.0,"[70, 53, 53, 47, 47, 47, 47, 47, 47, 47, 5, 48, 48]","['<SOS>', '112', '112', '11122', '11122', '11122', '11122', '11122', '11122', '11122', '10228', '11169', '11169']",A_ACCEPTED_COMPLETE,0.3707664310932159,13,10,10,20,3.1622776601683795,3.1622776601683795,4.47213595499958
